mia.r04|1
rarwrrjiya|1
shauryadav_|1
anjalivinodh_|1
eloise9029|1
rishith_bandi7|1
chaand.png|0
vasudha_006|0
veerr17|0
tararamakrishnan|0
devanshm_02|0
itsnavyaaa|0
krishtiano___7|0
rewa_purohit|0
rishika4484|0
vaibhaviiisingh|0
tanishqa.htp|0
haniyakaur|0
kleanswish11|0
aden_boi18|1
tanush.agr2005|1
anshul_rao5|0
sara.adyanthaya.17|0
prxts.m|0
avni_.p|0
mehakg_23|0
_shxurya.s|1
sureyeah._|0
sairahsachdeva|0
hhuuggoo66|0
_virajgupta._|0
mehakkkk__23|0
diya.garg11|0
mansi_anilkumar|0
zahrah.imani|0
shubhayan_935|0
deevijh_29|1
gaurivnaidu|0
alaika.sridhar|0
samarr.1710|0
aishwaryarravi|0
jash0014|0
srijania_|0
vaishnavi16b|0
x._sanju_.x|0
aparna_849|0
aaryavanshhora|0
sohamtalwar|0
gjain05|0
dheeraj_658|0
vedanth_080|0
4rya.r|0
thekvb_2005|0
_indrasena_|0
mahikapaimizar|0
prathamshah0310|0
pranav._.g|0
aanyamittal22|0
devna_agg|0
l.ananyaa|0
dvija.bhadani|0
ybhavis_spam|0
vanii_1602|0
ashna.jain27|0
anoushkajj|0
vikramcfc|0
_camelia07_|0
sillytimessreshu|0
yutikagupta_|1
kinkineeee|1
tisb_confessions|-1
https.aden|-1
anjanaxr|0
j.taara|-1
ved_srivathsa|-1
bhavikaa.goenka|0
sreshtaaa_|-1
shreyjain15|-1
sushmit.mov|-1
_sachitshetty_|1
harshithprabhakar_2007|-1
nishika_07|0
alaikaprvt|0
ameya_kakade|-1
laavanyavs|-1
gamya.amilineni|-1
pointgod248|-1
dhaaniiiii_|-1
sox_blax|0
nnoah_kim|0
urshita.anchalia|0
varun_sumer|0
kapiln21|-1
vivek_chalasani|0
_maan.216_|0
yuvikaakhenii|0
svp_999|0
goenkaranbirr|0
yajat.17|-1
ananyaxaaliya|0
_moonyoung|0
ddas_7|0
ishalodhaa|0
shrikhaa__|0
theo.the_door|0
brinda.laddha|0
_manyagupta__|0
virika1504|0
sara.adyanthaya|0
mee_li2204|0
snigdhadhameja|0
purple_cryptid|0
srijanee.jpg|0
aarnaaa_|0
_jannsgoyal|0
3vedant|0
o_m_g_ronnie|0
mynameisseed|0
rhiya_venkatesh|0
aditiirangaa|0
_vivaangupta_|0
aayush.sarawgi__|0
juhun101|0
projectonnn_bengaluru|1
aditya._005|1
bhavikaaa.goenka|1
ishancpatel|1
soham.talwar|1
aryanxjain|1
_mehakk_._|-1
samar.1710|1
shxurya.s|1
aditisrinivasan13|1
aryaaxt|1
iamjaykapoor|1
alxyna.b|1
khwaishsethiya|0
jaymachaiah_|0
jasmine_7186|1
_shubhsamtani_|0
mathiasamariah|0
niyoshkasehgal|0
awasthianoushka|0
xoxo_nanya|0
muskan_hardwani|1
gomsssx|1
thedas008|-1
kinghania_|0
anshhh.20|0
ishika.g16|0
daniel11mathias|0
jaiswal_nitigya|0
dilansetiya|0
mayank_241|-1
samairabagla|0
annx.x_15|0
adya.ravindran|-1
_noushkaa|0
akshit.10|0
muskanguptaaaa|-1
